dataset,seed,configuration,multi_objective_score,mean_shifted_perf,worst_shifted_perf,max_degradation,retention_perf,mean_latency_sec
Family_1_Nonlinear_Reg,42,Full Proposed (OptiForge),0.5977,-2.6498,-3.1325,1.571,-2.4127,0.0442
Family_1_Nonlinear_Reg,42,Ablation A (No Drift Detect),0.5627,-2.9365,-3.6222,2.0608,-2.3224,0.087
Family_1_Nonlinear_Reg,42,Ablation B (No Replay Buffer),0.61,-2.4626,-2.9828,1.4214,-2.9569,0.0296
Family_1_Nonlinear_Reg,42,Ablation C (No Adaptive Scale),0.5776,-2.867,-3.3749,1.8135,-2.5332,0.0941
Family_1_Nonlinear_Reg,42,Ablation D (No Anchor Backbone),0.719,-2.2456,-2.7849,0.0,-3.3115,0.0439
Family_1_Nonlinear_Reg,42,Ablation E (Random Replay),0.5942,-2.7068,-3.1834,1.6219,-2.3259,0.0449
Family_1_Nonlinear_Reg,101,Full Proposed (OptiForge),0.6281,-2.5406,-2.9525,1.142,-2.2765,0.0448
Family_1_Nonlinear_Reg,101,Ablation A (No Drift Detect),0.5914,-2.7843,-3.4201,1.6096,-2.3129,0.0869
Family_1_Nonlinear_Reg,101,Ablation B (No Replay Buffer),0.6337,-2.4078,-2.9109,1.1004,-3.1047,0.0307
Family_1_Nonlinear_Reg,101,Ablation C (No Adaptive Scale),0.5984,-2.7334,-3.3045,1.4941,-2.52,0.0957
Family_1_Nonlinear_Reg,101,Ablation D (No Anchor Backbone),0.722,-2.1676,-2.6373,0.0,-3.0494,0.0446
Family_1_Nonlinear_Reg,101,Ablation E (Random Replay),0.6363,-2.5268,-2.8379,1.0275,-2.3332,0.0442
Family_2_Nonlinear_Clf,42,Full Proposed (OptiForge),0.87,0.8034,0.6579,0.1503,0.8098,0.053
Family_2_Nonlinear_Clf,42,Ablation A (No Drift Detect),0.8689,0.8137,0.6445,0.1637,0.8296,0.0997
Family_2_Nonlinear_Clf,42,Ablation B (No Replay Buffer),0.8531,0.7734,0.6218,0.1864,0.8009,0.0348
Family_2_Nonlinear_Clf,42,Ablation C (No Adaptive Scale),0.8725,0.8199,0.655,0.1531,0.825,0.1086
Family_2_Nonlinear_Clf,42,Ablation D (No Anchor Backbone),0.8627,0.7799,0.6291,0.1262,0.7398,0.0523
Family_2_Nonlinear_Clf,42,Ablation E (Random Replay),0.8713,0.8094,0.6461,0.162,0.8225,0.0527
Family_2_Nonlinear_Clf,101,Full Proposed (OptiForge),0.8735,0.8092,0.6905,0.146,0.8446,0.0533
Family_2_Nonlinear_Clf,101,Ablation A (No Drift Detect),0.8635,0.8128,0.6439,0.1926,0.8376,0.1093
Family_2_Nonlinear_Clf,101,Ablation B (No Replay Buffer),0.8787,0.82,0.6821,0.1544,0.8202,0.0365
Family_2_Nonlinear_Clf,101,Ablation C (No Adaptive Scale),0.8658,0.818,0.6451,0.1914,0.8282,0.1129
Family_2_Nonlinear_Clf,101,Ablation D (No Anchor Backbone),0.8678,0.7784,0.6628,0.0846,0.7848,0.0533
Family_2_Nonlinear_Clf,101,Ablation E (Random Replay),0.8734,0.8095,0.6913,0.1452,0.8385,0.0554
Family_3_HighDim_Reg,42,Full Proposed (OptiForge),0.5162,-3.4091,-5.3938,2.8852,-2.8154,0.1223
Family_3_HighDim_Reg,42,Ablation A (No Drift Detect),0.5073,-3.4935,-5.3691,2.8606,-2.9281,0.2912
Family_3_HighDim_Reg,42,Ablation B (No Replay Buffer),0.5576,-3.2206,-4.7001,2.1915,-3.4475,0.0796
Family_3_HighDim_Reg,42,Ablation C (No Adaptive Scale),0.5107,-3.5697,-5.3188,2.8102,-3.2599,0.3008
Family_3_HighDim_Reg,42,Ablation D (No Anchor Backbone),0.659,-3.5598,-5.0151,0.3319,-3.6693,0.1172
Family_3_HighDim_Reg,42,Ablation E (Random Replay),0.5142,-3.3514,-5.4073,2.8988,-2.8002,0.1255
Family_3_HighDim_Reg,101,Full Proposed (OptiForge),0.564,-3.5386,-4.6794,2.0537,-2.811,0.1238
Family_3_HighDim_Reg,101,Ablation A (No Drift Detect),0.5849,-3.5361,-4.0998,1.474,-3.0382,0.2833
Family_3_HighDim_Reg,101,Ablation B (No Replay Buffer),0.609,-3.2998,-3.94,1.3143,-3.3622,0.0827
Family_3_HighDim_Reg,101,Ablation C (No Adaptive Scale),0.586,-3.5961,-4.0519,1.4261,-3.3101,0.3061
Family_3_HighDim_Reg,101,Ablation D (No Anchor Backbone),0.6755,-3.6406,-4.1874,0.0,-3.595,0.1203
Family_3_HighDim_Reg,101,Ablation E (Random Replay),0.5535,-3.5669,-4.8782,2.2524,-2.8276,0.121
Family_4_Mixed_Clf,42,Full Proposed (OptiForge),0.8625,0.8175,0.7379,0.1334,0.8763,0.0548
Family_4_Mixed_Clf,42,Ablation A (No Drift Detect),0.8537,0.7986,0.7218,0.1496,0.8471,0.0862
Family_4_Mixed_Clf,42,Ablation B (No Replay Buffer),0.8675,0.8229,0.7296,0.1417,0.8566,0.0392
Family_4_Mixed_Clf,42,Ablation C (No Adaptive Scale),0.8606,0.8081,0.7288,0.1425,0.8434,0.0974
Family_4_Mixed_Clf,42,Ablation D (No Anchor Backbone),0.8419,0.7745,0.6957,0.1602,0.8317,0.0545
Family_4_Mixed_Clf,42,Ablation E (Random Replay),0.8693,0.8238,0.7437,0.1277,0.8787,0.0586
Family_4_Mixed_Clf,101,Full Proposed (OptiForge),0.8787,0.841,0.6989,0.1354,0.8356,0.0526
Family_4_Mixed_Clf,101,Ablation A (No Drift Detect),0.8789,0.8304,0.7658,0.0685,0.8253,0.0856
Family_4_Mixed_Clf,101,Ablation B (No Replay Buffer),0.8956,0.8542,0.7519,0.0824,0.8405,0.0356
Family_4_Mixed_Clf,101,Ablation C (No Adaptive Scale),0.8725,0.8289,0.7532,0.0811,0.8181,0.1061
Family_4_Mixed_Clf,101,Ablation D (No Anchor Backbone),0.8671,0.8223,0.6652,0.1541,0.7914,0.0628
Family_4_Mixed_Clf,101,Ablation E (Random Replay),0.8867,0.8488,0.7102,0.1242,0.834,0.0609
Family_5_Heteroscedastic_Reg,42,Full Proposed (OptiForge),0.5774,-2.6996,-3.5156,1.8658,-2.4283,0.0482
Family_5_Heteroscedastic_Reg,42,Ablation A (No Drift Detect),0.5861,-2.9567,-3.3318,1.682,-2.311,0.0953
Family_5_Heteroscedastic_Reg,42,Ablation B (No Replay Buffer),0.5948,-2.5328,-3.279,1.6292,-2.9725,0.0327
Family_5_Heteroscedastic_Reg,42,Ablation C (No Adaptive Scale),0.596,-2.8563,-3.1711,1.5213,-2.4653,0.1
Family_5_Heteroscedastic_Reg,42,Ablation D (No Anchor Backbone),0.6496,-2.2738,-3.1952,0.8903,-3.2683,0.0478
Family_5_Heteroscedastic_Reg,42,Ablation E (Random Replay),0.5774,-2.7164,-3.5166,1.8668,-2.309,0.0489
Family_5_Heteroscedastic_Reg,101,Full Proposed (OptiForge),0.5585,-2.8827,-3.7901,2.1792,-2.1558,0.0436
Family_5_Heteroscedastic_Reg,101,Ablation A (No Drift Detect),0.5824,-2.9369,-3.3595,1.7487,-2.3827,0.0888
Family_5_Heteroscedastic_Reg,101,Ablation B (No Replay Buffer),0.6024,-2.3675,-3.1407,1.5298,-2.8769,0.0294
Family_5_Heteroscedastic_Reg,101,Ablation C (No Adaptive Scale),0.5824,-2.8185,-3.3453,1.7344,-2.5666,0.0964
Family_5_Heteroscedastic_Reg,101,Ablation D (No Anchor Backbone),0.653,-2.4172,-3.0661,0.8185,-2.902,0.0441
Family_5_Heteroscedastic_Reg,101,Ablation E (Random Replay),0.5475,-2.899,-3.9633,2.3524,-2.1603,0.045
