dataset,seed,model,task_type,multi_objective_score,mean_shifted_perf,worst_shifted_perf,max_degradation,initial_retention_perf,mean_update_latency_sec,total_update_latency_sec,peak_memory_kb
Family_1_Nonlinear_Reg,42,Static (No Update),regression,0.4757,-4.0056,-5.5922,4.0807,-1.5115,0.0045,0.0271,13.5
Family_1_Nonlinear_Reg,42,Naive Incremental,regression,0.6768,-2.0528,-2.5345,0.6434,-4.1009,0.0153,0.0917,13.7
Family_1_Nonlinear_Reg,42,Standard Replay (K=500),regression,0.5826,-2.7296,-3.4266,1.7918,-2.6093,0.0479,0.2875,56.8
Family_1_Nonlinear_Reg,42,OptiForge Adaptive (Proposed),regression,0.5975,-2.6498,-3.1325,1.571,-2.4127,0.0474,0.2847,108.8
Family_1_Nonlinear_Reg,42,Full Retrain (Oracle),regression,0.5736,-2.745,-3.4041,1.8926,-2.0002,0.0733,0.4397,220.2
Family_1_Nonlinear_Reg,101,Static (No Update),regression,0.5199,-3.7506,-4.9065,3.1144,-1.7921,0.0044,0.0263,13.4
Family_1_Nonlinear_Reg,101,Naive Incremental,regression,0.6767,-1.9808,-2.6825,0.6688,-4.2174,0.0146,0.0875,13.6
Family_1_Nonlinear_Reg,101,Standard Replay (K=500),regression,0.6038,-2.6482,-3.3467,1.4773,-2.4979,0.0478,0.2867,56.8
Family_1_Nonlinear_Reg,101,OptiForge Adaptive (Proposed),regression,0.6281,-2.5406,-2.9525,1.142,-2.2765,0.0443,0.266,108.8
Family_1_Nonlinear_Reg,101,Full Retrain (Oracle),regression,0.5921,-2.6713,-3.4116,1.6195,-2.0277,0.0708,0.4247,220.2
Family_2_Nonlinear_Clf,42,Static (No Update),binary_classification,0.8397,0.7594,0.5901,0.2312,0.8213,0.0044,0.0264,15.7
Family_2_Nonlinear_Clf,42,Naive Incremental,binary_classification,0.8393,0.7502,0.5905,0.2249,0.712,0.0187,0.1123,15.9
Family_2_Nonlinear_Clf,42,Standard Replay (K=500),binary_classification,0.8913,0.8363,0.7074,0.1101,0.7988,0.0552,0.3311,66.7
Family_2_Nonlinear_Clf,42,OptiForge Adaptive (Proposed),binary_classification,0.8701,0.8034,0.6579,0.1503,0.8098,0.0522,0.3134,127.5
Family_2_Nonlinear_Clf,42,Full Retrain (Oracle),binary_classification,0.874,0.8235,0.6465,0.1748,0.8405,0.0819,0.4912,259.8
Family_2_Nonlinear_Clf,101,Static (No Update),binary_classification,0.8332,0.7426,0.6246,0.2287,0.8533,0.0044,0.0263,15.5
Family_2_Nonlinear_Clf,101,Naive Incremental,binary_classification,0.868,0.8007,0.656,0.186,0.7482,0.0179,0.1076,15.7
Family_2_Nonlinear_Clf,101,Standard Replay (K=500),binary_classification,0.8676,0.8113,0.6564,0.1923,0.8394,0.0555,0.3329,66.7
Family_2_Nonlinear_Clf,101,OptiForge Adaptive (Proposed),binary_classification,0.8737,0.8092,0.6905,0.146,0.8446,0.0512,0.3073,127.5
Family_2_Nonlinear_Clf,101,Full Retrain (Oracle),binary_classification,0.8542,0.8105,0.5813,0.272,0.8958,0.0802,0.4811,259.8
Family_3_HighDim_Reg,42,Static (No Update),regression,0.4434,-4.0751,-7.2328,4.7527,-2.4801,0.0127,0.076,23.4
Family_3_HighDim_Reg,42,Naive Incremental,regression,0.5819,-3.4718,-4.7625,1.8431,-4.2596,0.0468,0.2811,24.3
Family_3_HighDim_Reg,42,Standard Replay (K=500),regression,0.5386,-3.2826,-5.0229,2.4011,-2.727,0.1711,1.0269,184.6
Family_3_HighDim_Reg,42,OptiForge Adaptive (Proposed),regression,0.5167,-3.4091,-5.3938,2.8852,-2.8154,0.116,0.6962,366.6
Family_3_HighDim_Reg,42,Full Retrain (Oracle),regression,0.514,-3.1498,-5.1631,2.683,-2.2801,0.2615,1.5691,793.4
Family_3_HighDim_Reg,101,Static (No Update),regression,0.484,-4.2985,-6.5443,4.032,-2.5123,0.0123,0.0736,23.4
Family_3_HighDim_Reg,101,Naive Incremental,regression,0.6368,-3.5148,-3.8436,0.8555,-4.1257,0.0458,0.2746,24.3
Family_3_HighDim_Reg,101,Standard Replay (K=500),regression,0.6003,-3.2815,-4.0133,1.3457,-2.7514,0.1704,1.0225,184.6
Family_3_HighDim_Reg,101,OptiForge Adaptive (Proposed),regression,0.5644,-3.5386,-4.6794,2.0537,-2.811,0.1184,0.7101,366.6
Family_3_HighDim_Reg,101,Full Retrain (Oracle),regression,0.5493,-3.2773,-4.6238,2.1114,-2.2191,0.2622,1.5733,793.4
Family_4_Mixed_Clf,42,Static (No Update),binary_classification,0.845,0.7812,0.7073,0.1701,0.8774,0.004,0.0242,16.2
Family_4_Mixed_Clf,42,Naive Incremental,binary_classification,0.8545,0.7919,0.7222,0.1528,0.786,0.0163,0.0981,16.3
Family_4_Mixed_Clf,42,Standard Replay (K=500),binary_classification,0.8578,0.8024,0.7263,0.1531,0.8207,0.0442,0.2651,114.2
Family_4_Mixed_Clf,42,OptiForge Adaptive (Proposed),binary_classification,0.8625,0.8175,0.7379,0.1334,0.8763,0.0547,0.3284,227.1
Family_4_Mixed_Clf,42,Full Retrain (Oracle),binary_classification,0.8616,0.8133,0.7286,0.1488,0.8547,0.0667,0.4001,485.4
Family_4_Mixed_Clf,101,Static (No Update),binary_classification,0.8486,0.7965,0.6624,0.1687,0.8311,0.0038,0.0228,16.1
Family_4_Mixed_Clf,101,Naive Incremental,binary_classification,0.8703,0.8211,0.6853,0.1507,0.7481,0.016,0.0959,16.3
Family_4_Mixed_Clf,101,Standard Replay (K=500),binary_classification,0.8726,0.8252,0.6768,0.1619,0.807,0.043,0.258,114.2
Family_4_Mixed_Clf,101,OptiForge Adaptive (Proposed),binary_classification,0.8788,0.841,0.6989,0.1354,0.8356,0.0512,0.3073,227.2
Family_4_Mixed_Clf,101,Full Retrain (Oracle),binary_classification,0.8857,0.8496,0.723,0.1081,0.8338,0.0644,0.3866,485.4
Family_5_Heteroscedastic_Reg,42,Static (No Update),regression,0.5153,-4.0746,-4.9513,3.3112,-1.6401,0.004,0.0239,13.3
Family_5_Heteroscedastic_Reg,42,Naive Incremental,regression,0.6076,-2.1173,-3.2118,1.4877,-3.9362,0.0147,0.088,13.5
Family_5_Heteroscedastic_Reg,42,Standard Replay (K=500),regression,0.588,-2.9261,-3.3725,1.7158,-2.5367,0.048,0.288,56.6
Family_5_Heteroscedastic_Reg,42,OptiForge Adaptive (Proposed),regression,0.5777,-2.6996,-3.5156,1.8658,-2.4283,0.045,0.2701,108.7
Family_5_Heteroscedastic_Reg,42,Full Retrain (Oracle),regression,0.5746,-3.0132,-3.5399,1.8998,-2.0695,0.0717,0.4303,220.1
Family_5_Heteroscedastic_Reg,101,Static (No Update),regression,0.5075,-3.8638,-5.0136,3.3927,-1.6209,0.0041,0.0244,13.2
Family_5_Heteroscedastic_Reg,101,Naive Incremental,regression,0.6214,-2.0892,-2.9899,1.317,-3.896,0.0153,0.0917,13.5
Family_5_Heteroscedastic_Reg,101,Standard Replay (K=500),regression,0.5949,-2.9143,-3.2242,1.6072,-2.5489,0.0481,0.2888,56.6
Family_5_Heteroscedastic_Reg,101,OptiForge Adaptive (Proposed),regression,0.5584,-2.8827,-3.7901,2.1792,-2.1558,0.045,0.2702,109.9
Family_5_Heteroscedastic_Reg,101,Full Retrain (Oracle),regression,0.5796,-3.0311,-3.4433,1.8224,-2.065,0.071,0.4259,220.1
